ProductLine,Sku
Yak Chew,10_Medium_Yak
Yak Chew,QM-BN2C-I2R9
Yak Chew,5_Small_Yak
Yak Chew,3_Large_Yak
Yak Chew,3_Extra Large_Yak
Yak Chew,10_Large_Yak
Yak Chew,10_Extra Large_Yak
Yak Chew,NT-RGS9-UUR2
Bone Broth,6oz_Broth
Bone Broth,QX-48VR-0UZS
Bone Broth,5.4oz_Beef
Bone Broth,10.8oz_Beef
Omega Oil,DR-OLT5-HOKW
Omega Oil,ZK-QAIN-CGO2
Omega Oil,PR-OO-8
Omega Oil,PR-OO-16
Pumpkin,Small_Pumpkin_8oz
Pumpkin,9C-O5JI-5W9H
Pumpkin,Small_Pumpkin_8oz-stickerles
Hip & Joint,VK-X3R0-SUNB
Hip & Joint,PR-HJJ-60
Allergy,PR-ALLERJ-8.2_FBA
Allergy,PR-ALLERJ-8.2
Bladder,PR-BLJ-7.5_FBA
Bladder,PR-BLJ-7.5
Probiotic,PR-Pro-8.2
Probiotic,Q2-XMV2-E15G
Probiotic,PR-Pro-16.4
Relief for Dogs,13-3B0D-U7XZ
Relief for Dogs,PR-Rlf-60ct
Calm for Dogs,PR-ADC-Calm60
Calm for Dogs,PR-ADC-Calm60_MF
